company_name;company_id;company_isin;weights;investment_value;engagement_target
Abertis Infraestructuras;ES0111845014;ES0111845014;0.333333333;1000000;
ABM INDUSTRIES INC;US0009571003;US0009571003;0.333333333;1000000;
Abbott Laboratories;US0028241000;US0028241000;0.333333333;1000000;
